id,office_id,home_address
1,332046,高梁市松原通2043
2,334235,都窪郡早島町大字前潟360-1
3,333468,久米郡美咲町原田1735
4,332160,赤磐市下市344
5,332089,岡山市東区西大寺南1-2-4
6,336068,岡山市中区浜3-7-15
7,332101,美作市栄町38-2
8,332071,岡山市北区大供1-1-1
9,334618,苫田郡鏡野町竹田660
10,336637,笠岡市中央町1-1
11,331007,真庭市久世2927-2
12,332119,玉野市宇野1-27-1
13,332020,真庭郡新庄村2008-1
14,335860,久米郡久米南町下弓削502-1
15,332143,備前市東片上126
16,331023,新見市新見310-3
17,331031,和気郡和気町尺所555
18,332038,井原市井原町311-1
19,334456,岡山市北区大供1-1-1
20,332097,浅口市鴨方町六条院中3050
21,336661,勝田郡勝央町勝間田201
22,332054,英田郡西粟倉村大字影石2
23,331015,加賀郡吉備中央町豊野1-2
24,332151,岡山市南区浦安南町495-5
25,332127,津山市山北520
26,336238,小田郡矢掛町矢掛3018
27,336220,瀬戸内市邑久町尾張300-1
28,332135,浅口郡里庄町大字里見1107-2
29,336815,総社市中央1-1-1
30,331040,倉敷市西中新田640
31,336432,勝田郡奈義町豊沢306-1
32,332071,岡山市南区浦安南町495-5
33,336815,岡山市東区西大寺南1-2-4
34,332151,久米郡久米南町下弓削502-1
35,333468,備前市東片上126
36,335860,瀬戸内市邑久町尾張300-1
37,332020,総社市中央1-1-1
38,331023,笠岡市中央町1-1
39,332143,井原市井原町311-1
40,332089,勝田郡勝央町勝間田201
41,331040,英田郡西粟倉村大字影石2
42,336637,浅口市鴨方町六条院中3050
43,332097,久米郡美咲町原田1735
44,334456,美作市栄町38-2
45,336238,都窪郡早島町大字前潟360-1
46,334618,小田郡矢掛町矢掛3018
47,336661,浅口郡里庄町大字里見1107-2
48,332119,和気郡和気町尺所555
49,332038,勝田郡奈義町豊沢306-1
50,336220,倉敷市西中新田640
51,331031,岡山市北区大供1-1-1
52,336068,新見市新見310-3
53,334235,赤磐市下市344
54,331015,玉野市宇野1-27-1
55,332160,高梁市松原通2043
56,331007,真庭市久世2927-2
57,332127,津山市山北520
58,332054,加賀郡吉備中央町豊野1-2
59,332135,真庭郡新庄村2008-1
60,336432,苫田郡鏡野町竹田660
61,332101,岡山市北区大供1-1-1
62,332046,岡山市中区浜3-7-15